{"cameraMode":{"drawMode":0,"name":"Shaded","section":"Shading Mode"},"sceneLighting":true,"audioPlay":false,"sceneViewState":{"showFog":true,"showMaterialUpdate":false,"showSkybox":true,"showFlares":true,"showImageEffects":true,"showParticleSystems":true},"in2DMode":false,"pivot":{"x":0.17065317928791047,"y":0.2502802014350891,"z":-0.179922953248024},"rotation":{"x":0.13231083750724793,"y":0.1692095696926117,"z":0.022929353639483453,"w":-0.9763894081115723},"size":5.770329475402832,"orthographic":false}